de_dust2	1
de_dust2	1
de_dust2	1
de_dust2	1
de_dust2	1
de_dust2	1
de_dust2	1
de_dust2	1
de_dust2	1
de_dust2	1
de_dust2	1
de_dust2	1
de_dust2	1
de_dust2	1
de_dust2	1
de_dust2	1
de_dust2	1
de_dust2	1
de_dust2	1
de_dust2	1
de_dust2	1
de_dust2	1
de_dust2	1
de_dust2	1
de_dust2	1
de_dust2	1
de_dust2	1
de_dust2	1
de_dust2	1
de_dust2	1
de_dust2	1
de_dust2	1
de_dust2	1
de_dust2	1
de_dust2	1
de_dust2	1
de_dust2	1
de_dust2	1
de_dust2	1
de_dust2	1
de_dust2	1
de_dust2	1
de_dust2	1
de_dust2	1
de_dust2	1
de_dust2	1
de_dust2	1
de_dust2	1
de_dust2	1
de_dust2	1
de_dust2	1
de_dust2	1
de_dust2	1
de_dust2	1
de_dust2	1
de_dust2	1
de_dust2	1
de_dust2	1
de_dust2	1
de_dust2	1
de_dust2	1
de_dust2	1
de_dust2	1
de_dust2	1
de_dust2	1
de_dust2	1
de_dust2	1
de_dust2	1
de_dust2	1
de_dust2	1
de_dust2	1
de_dust2	1
de_dust2	1
de_dust2	1
de_dust2	1
de_dust2	1
de_dust2	1
de_dust2	1
de_dust2	1
de_dust2	1
de_dust2	1
de_dust2	1
de_dust2	1
de_dust2	1
de_dust2	1
de_dust2	1
de_dust2	1
de_dust2	1
de_dust2	1
de_dust2	1
de_dust2	1
de_dust2	1
de_dust2	1
de_dust2	1
de_dust2	1
de_dust2	1
de_dust2	1
de_dust2	1
de_dust2	1
de_dust2	1
de_dust2	1
de_dust2	1
de_dust2	1
de_dust2	1
de_dust2	1
de_dust2	1
de_dust2	1
de_dust2	1
de_dust2	1
de_dust2	1
de_dust2	1
de_dust2	1
de_dust2	1
de_dust2	1
de_dust2	1
de_dust2	1
de_dust2	1
de_dust2	1
de_dust2	1
de_dust2	1
de_dust2	1
de_dust2	1
de_dust2	1
de_dust2	1
de_dust2	1
de_dust2	1
de_dust2	1
de_dust2	1
de_dust2	1
de_dust2	1
de_dust2	1
de_dust2	1
de_dust2	1
de_dust2	1
de_dust2	1
de_dust2	1
de_dust2	1
de_dust2	1
de_dust2	1
de_dust2	1
de_dust2	1
de_dust2	1
de_dust2	1
de_dust2	1
de_dust2	1
de_dust2	1
de_dust2	1
de_dust2	1
de_dust2	1
de_dust2	1
de_dust2	1
de_dust2	1
de_dust2	1
de_dust2	1
de_dust2	1
de_dust2	1
de_dust2	1
de_dust2	1
de_dust2	1
de_dust2	1
de_dust2	1
de_dust2	1
de_dust2	1
de_dust2	1
de_dust2	1
de_dust2	1
de_dust2	1
de_dust2	1
de_dust2	1
de_dust2	1
de_dust2	1
de_dust2	1
de_dust2	1
de_dust2	1
de_dust2	1
de_dust2	1
de_dust2	1
de_dust2	1
de_dust2	1
de_dust2	1
de_dust2	1
de_dust2	1
de_dust2	1
de_dust2	1
de_dust2	1
de_dust2	1
de_dust2	1
de_dust2	1
de_dust2	1
de_dust2	1
de_dust2	1
de_dust2	1
de_dust2	1
de_dust2	1
de_dust2	1
de_dust2	1
de_dust2	1
de_dust2	1
de_dust2	1
de_dust2	1
de_dust2	1
de_dust2	1
de_dust2	1
de_dust2	1
de_dust2	1
de_dust2	1
de_dust2	1
de_dust2	1
de_dust2	1
de_dust2	1
de_dust2	1
de_dust2	1
de_dust2	2
de_dust2	2
de_dust2	2
de_dust2	2
de_dust2	2
de_dust2	2
de_dust2	2
de_dust2	2
de_dust2	2
de_dust2	2
de_dust2	2
de_dust2	2
de_dust2	2
de_dust2	2
de_dust2	2
de_dust2	2
de_dust2	2
de_dust2	2
de_dust2	2
de_inferno	1
de_inferno	1
de_inferno	1
de_inferno	1
de_inferno	1
de_inferno	1
de_inferno	1
de_inferno	1
de_inferno	1
de_inferno	1
de_inferno	1
de_inferno	1
de_inferno	1
de_inferno	1
de_inferno	1
de_inferno	1
de_inferno	1
de_inferno	1
de_inferno	1
de_inferno	1
de_inferno	1
de_inferno	1
de_inferno	1
de_inferno	1
de_inferno	1
de_inferno	1
de_inferno	1
de_inferno	1
de_inferno	1
de_inferno	1
de_inferno	1
de_inferno	1
de_inferno	1
de_inferno	1
de_inferno	1
de_inferno	1
de_inferno	1
de_inferno	1
de_inferno	1
de_inferno	1
de_inferno	1
de_inferno	1
de_inferno	1
de_inferno	1
de_inferno	1
de_inferno	1
de_inferno	1
de_inferno	1
de_inferno	1
de_inferno	1
de_inferno	1
de_inferno	1
de_inferno	1
de_inferno	1
de_inferno	1
de_inferno	1
de_inferno	1
de_inferno	1
de_inferno	1
de_inferno	1
de_inferno	1
de_inferno	1
de_inferno	1
de_inferno	1
de_inferno	1
de_inferno	1
de_inferno	1
de_inferno	1
de_inferno	1
de_inferno	1
de_inferno	1
de_inferno	1
de_inferno	1
de_inferno	1
de_inferno	1
de_inferno	1
de_inferno	1
de_inferno	1
de_inferno	1
de_inferno	1
de_inferno	1
de_inferno	1
de_inferno	1
de_inferno	1
de_inferno	1
de_inferno	1
de_inferno	1
de_inferno	1
de_inferno	1
de_inferno	1
de_inferno	1
de_inferno	1
de_inferno	1
de_inferno	1
de_inferno	1
de_inferno	1
de_inferno	1
de_inferno	1
de_inferno	1
de_inferno	1
de_inferno	1
de_inferno	1
de_inferno	1
de_inferno	1
de_inferno	1
de_inferno	1
de_inferno	1
de_inferno	1
de_inferno	1
de_inferno	1
de_inferno	1
de_inferno	1
de_inferno	1
de_inferno	1
de_inferno	1
de_inferno	1
de_inferno	1
de_inferno	1
de_inferno	1
de_inferno	1
de_inferno	1
de_inferno	1
de_inferno	1
de_inferno	1
de_inferno	1
de_inferno	1
de_inferno	1
de_inferno	1
de_inferno	1
de_inferno	1
de_inferno	1
de_inferno	1
de_inferno	1
de_inferno	1
de_inferno	1
de_inferno	1
de_inferno	1
de_inferno	1
de_inferno	1
de_inferno	1
de_inferno	1
de_inferno	1
de_inferno	1
de_inferno	1
de_inferno	1
de_inferno	1
de_inferno	1
de_inferno	1
de_inferno	1
de_inferno	1
de_inferno	1
de_inferno	1
de_inferno	1
de_inferno	1
de_inferno	1
de_inferno	1
de_inferno	1
de_inferno	1
de_inferno	1
de_inferno	1
de_inferno	1
de_inferno	1
de_inferno	1
de_inferno	1
de_inferno	1
de_inferno	1
de_inferno	1
de_inferno	1
de_inferno	1
de_inferno	1
de_inferno	1
de_inferno	1
de_inferno	1
de_inferno	1
de_inferno	1
de_inferno	1
de_inferno	1
de_inferno	1
de_inferno	1
de_inferno	1
de_inferno	1
de_inferno	1
de_inferno	1
de_inferno	1
de_inferno	1
de_inferno	1
de_inferno	2
de_inferno	2
de_inferno	2
de_inferno	2
de_inferno	2
de_mirage	1
de_mirage	1
de_mirage	1
de_mirage	1
de_mirage	1
de_mirage	1
de_mirage	1
de_mirage	1
de_mirage	1
de_mirage	1
de_mirage	1
de_mirage	1
de_mirage	1
de_mirage	1
de_mirage	1
de_mirage	1
de_mirage	1
de_mirage	1
de_mirage	1
de_mirage	1
de_mirage	1
de_mirage	1
de_mirage	1
de_mirage	1
de_mirage	1
de_mirage	1
de_mirage	1
de_mirage	1
de_mirage	1
de_mirage	1
de_mirage	1
de_mirage	1
de_mirage	1
de_mirage	1
de_mirage	1
de_mirage	1
de_mirage	1
de_mirage	1
de_mirage	1
de_mirage	1
de_mirage	1
de_mirage	1
de_mirage	1
de_mirage	1
de_mirage	1
de_mirage	1
de_mirage	1
de_mirage	1
de_mirage	1
de_mirage	1
de_mirage	1
de_mirage	1
de_mirage	1
de_mirage	1
de_mirage	1
de_mirage	1
de_mirage	1
de_mirage	1
de_mirage	1
de_mirage	1
de_mirage	1
de_mirage	1
de_mirage	1
de_mirage	1
de_mirage	1
de_mirage	1
de_mirage	1
de_mirage	1
de_mirage	1
de_mirage	1
de_mirage	1
de_mirage	1
de_mirage	1
de_mirage	1
de_mirage	1
de_mirage	1
de_mirage	1
de_mirage	1
de_mirage	1
de_mirage	1
de_mirage	1
de_mirage	1
de_mirage	1
de_mirage	1
de_mirage	1
de_mirage	1
de_mirage	1
de_mirage	1
de_mirage	1
de_mirage	1
de_mirage	1
de_mirage	1
de_mirage	1
de_mirage	1
de_mirage	1
de_mirage	1
de_mirage	1
de_mirage	1
de_mirage	1
de_mirage	1
de_mirage	1
de_mirage	1
de_mirage	1
de_mirage	1
de_mirage	1
de_mirage	1
de_mirage	1
de_mirage	1
de_mirage	1
de_mirage	1
de_mirage	1
de_mirage	1
de_mirage	1
de_mirage	1
de_mirage	1
de_mirage	1
de_mirage	1
de_mirage	1
de_mirage	1
de_mirage	1
de_mirage	1
de_mirage	1
de_mirage	1
de_mirage	1
de_mirage	1
de_mirage	1
de_mirage	1
de_mirage	1
de_mirage	1
de_mirage	1
de_mirage	1
de_mirage	1
de_mirage	1
de_mirage	1
de_mirage	1
de_mirage	1
de_mirage	1
de_mirage	1
de_mirage	1
de_mirage	1
de_mirage	1
de_mirage	1
de_mirage	1
de_mirage	1
de_mirage	1
de_mirage	1
de_mirage	1
de_mirage	1
de_mirage	1
de_mirage	1
de_mirage	1
de_mirage	1
de_mirage	1
de_mirage	1
de_mirage	1
de_mirage	1
de_mirage	1
de_mirage	1
de_mirage	1
de_mirage	1
de_mirage	1
de_mirage	1
de_mirage	1
de_mirage	1
de_mirage	1
de_mirage	1
de_mirage	1
de_mirage	1
de_mirage	1
de_mirage	1
de_mirage	1
de_mirage	1
de_mirage	1
de_mirage	1
de_mirage	1
de_mirage	1
de_mirage	1
de_mirage	1
de_mirage	1
de_mirage	1
de_mirage	1
de_mirage	1
de_mirage	1
de_mirage	1
de_mirage	2
de_mirage	2
de_mirage	2
de_mirage	2
de_mirage	2
de_mirage	2
de_mirage	2
de_nuke	1
de_nuke	1
de_nuke	1
de_nuke	1
de_nuke	1
de_nuke	1
de_nuke	1
de_nuke	1
de_nuke	1
de_nuke	1
de_nuke	1
de_nuke	1
de_nuke	1
de_nuke	1
de_nuke	1
de_nuke	1
de_nuke	1
de_nuke	1
de_nuke	1
de_nuke	1
de_nuke	1
de_nuke	1
de_nuke	1
de_nuke	1
de_nuke	1
de_nuke	1
de_nuke	1
de_nuke	1
de_nuke	1
de_nuke	1
de_nuke	1
de_nuke	1
de_nuke	1
de_nuke	1
de_nuke	1
de_nuke	1
de_nuke	1
de_nuke	1
de_nuke	1
de_nuke	1
de_nuke	1
de_nuke	1
de_nuke	1
de_nuke	1
de_nuke	1
de_nuke	1
de_nuke	1
de_nuke	1
de_nuke	1
de_nuke	1
de_nuke	1
de_nuke	1
de_nuke	1
de_nuke	1
de_nuke	1
de_nuke	1
de_nuke	1
de_nuke	1
de_nuke	1
de_nuke	1
de_nuke	1
de_nuke	1
de_nuke	1
de_nuke	1
de_nuke	1
de_nuke	1
de_nuke	1
de_nuke	1
de_nuke	1
de_nuke	1
de_nuke	1
de_nuke	1
de_nuke	1
de_nuke	1
de_nuke	1
de_nuke	1
de_nuke	1
de_nuke	1
de_nuke	1
de_nuke	1
de_nuke	1
de_nuke	1
de_nuke	1
de_nuke	1
de_nuke	1
de_nuke	1
de_nuke	1
de_nuke	1
de_nuke	1
de_nuke	1
de_nuke	1
de_nuke	1
de_nuke	1
de_nuke	1
de_nuke	1
de_nuke	1
de_nuke	1
de_nuke	1
de_nuke	1
de_nuke	1
de_nuke	1
de_nuke	1
de_nuke	1
de_nuke	1
de_nuke	1
de_nuke	1
de_nuke	1
de_nuke	1
de_nuke	1
de_nuke	1
de_nuke	1
de_nuke	1
de_nuke	1
de_nuke	1
de_nuke	1
de_nuke	1
de_nuke	1
de_nuke	1
de_nuke	1
de_nuke	1
de_nuke	1
de_nuke	1
de_nuke	1
de_nuke	1
de_nuke	1
de_nuke	1
de_nuke	1
de_nuke	1
de_nuke	1
de_nuke	1
de_nuke	1
de_nuke	1
de_nuke	1
de_nuke	1
de_nuke	1
de_nuke	1
de_nuke	1
de_nuke	1
de_nuke	1
de_nuke	1
de_nuke	1
de_nuke	1
de_nuke	1
de_nuke	1
de_nuke	1
de_nuke	1
de_nuke	1
de_nuke	1
de_nuke	1
de_nuke	1
de_nuke	1
de_nuke	1
de_nuke	1
de_nuke	1
de_nuke	1
de_nuke	1
de_nuke	1
de_nuke	1
de_nuke	1
de_nuke	1
de_nuke	1
de_nuke	1
de_nuke	1
de_nuke	1
de_nuke	1
de_nuke	1
de_nuke	1
de_nuke	1
de_nuke	1
de_nuke	1
de_nuke	1
de_nuke	1
de_nuke	1
de_nuke	1
de_nuke	1
de_nuke	1
de_nuke	1
de_nuke	1
de_nuke	1
de_nuke	1
de_nuke	1
de_nuke	1
de_nuke	1
de_nuke	1
de_nuke	1
de_nuke	1
de_nuke	1
de_nuke	1
de_nuke	1
de_nuke	1
de_nuke	1
de_nuke	1
de_nuke	1
de_nuke	1
de_nuke	1
de_nuke	1
de_nuke	1
de_nuke	1
de_nuke	1
de_nuke	1
de_nuke	1
de_nuke	1
de_nuke	1
de_nuke	1
de_nuke	1
de_nuke	1
de_nuke	1
de_nuke	1
de_nuke	1
de_nuke	1
de_nuke	1
de_nuke	1
de_nuke	1
de_nuke	1
de_nuke	1
de_nuke	1
de_nuke	1
de_nuke	1
de_nuke	2
de_nuke	2
de_nuke	2
de_nuke	2
de_nuke	2
de_nuke	2
de_nuke	2
de_nuke	3
de_overpass	1
de_overpass	1
de_overpass	1
de_overpass	1
de_overpass	1
de_overpass	1
de_overpass	1
de_overpass	1
de_overpass	1
de_overpass	1
de_overpass	1
de_overpass	1
de_overpass	1
de_overpass	1
de_overpass	1
de_overpass	1
de_overpass	1
de_overpass	1
de_overpass	1
de_overpass	1
de_overpass	1
de_overpass	1
de_overpass	1
de_overpass	1
de_overpass	1
de_overpass	1
de_overpass	1
de_overpass	1
de_overpass	1
de_overpass	1
de_overpass	1
de_overpass	1
de_overpass	1
de_overpass	1
de_overpass	1
de_overpass	1
de_overpass	1
de_overpass	1
de_overpass	1
de_overpass	1
de_overpass	1
de_overpass	1
de_overpass	1
de_overpass	1
de_overpass	1
de_overpass	1
de_overpass	1
de_overpass	1
de_overpass	1
de_overpass	1
de_overpass	1
de_overpass	1
de_overpass	1
de_overpass	1
de_overpass	1
de_overpass	1
de_overpass	1
de_overpass	1
de_overpass	1
de_overpass	1
de_overpass	1
de_overpass	1
de_overpass	1
de_overpass	1
de_overpass	1
de_overpass	1
de_overpass	1
de_overpass	1
de_overpass	1
de_overpass	1
de_overpass	1
de_overpass	1
de_overpass	1
de_overpass	1
de_overpass	1
de_overpass	1
de_overpass	1
de_overpass	1
de_overpass	1
de_overpass	1
de_overpass	1
de_overpass	1
de_overpass	1
de_overpass	1
de_overpass	1
de_overpass	1
de_overpass	1
de_overpass	1
de_overpass	1
de_overpass	1
de_overpass	1
de_overpass	1
de_overpass	1
de_overpass	1
de_overpass	1
de_overpass	1
de_overpass	1
de_overpass	1
de_overpass	1
de_overpass	1
de_overpass	1
de_overpass	1
de_overpass	1
de_overpass	1
de_overpass	1
de_overpass	1
de_overpass	1
de_overpass	1
de_overpass	1
de_overpass	1
de_overpass	1
de_overpass	1
de_overpass	1
de_overpass	1
de_overpass	1
de_overpass	1
de_overpass	1
de_overpass	1
de_overpass	1
de_overpass	1
de_overpass	1
de_overpass	1
de_overpass	1
de_overpass	1
de_overpass	1
de_overpass	1
de_overpass	1
de_overpass	1
de_overpass	1
de_overpass	1
de_overpass	1
de_overpass	1
de_overpass	1
de_overpass	1
de_overpass	1
de_overpass	1
de_overpass	1
de_overpass	1
de_overpass	1
de_overpass	1
de_overpass	1
de_overpass	1
de_train	1
de_train	1
de_train	1
de_train	1
de_train	1
de_train	1
de_train	1
de_train	1
de_train	1
de_train	1
de_train	1
de_train	1
de_train	1
de_train	1
de_train	1
de_train	1
de_train	1
de_train	1
de_train	1
de_train	1
de_train	1
de_train	1
de_train	1
de_train	1
de_train	1
de_train	1
de_train	1
de_train	1
de_train	1
de_train	1
de_train	1
de_train	1
de_train	1
de_train	1
de_train	1
de_train	1
de_train	1
de_train	1
de_train	1
de_train	1
de_train	1
de_train	1
de_train	1
de_train	1
de_train	1
de_train	1
de_train	1
de_train	1
de_train	1
de_train	1
de_train	1
de_train	1
de_train	1
de_train	1
de_train	1
de_train	1
de_train	1
de_train	1
de_train	1
de_train	1
de_train	1
de_train	1
de_train	1
de_train	1
de_train	1
de_train	1
de_train	1
de_train	1
de_train	1
de_train	1
de_train	1
de_train	1
de_train	1
de_train	1
de_train	1
de_train	1
de_train	1
de_train	1
de_train	1
de_train	1
de_train	1
de_train	1
de_train	1
de_train	1
de_train	1
de_train	1
de_train	1
de_train	1
de_train	1
de_train	1
de_train	1
de_train	1
de_train	1
de_train	1
de_train	1
de_train	1
de_train	1
de_train	1
de_train	1
de_train	1
de_train	1
de_train	1
de_train	1
de_train	1
de_train	1
de_train	1
de_train	1
de_train	1
de_train	1
de_train	1
de_train	1
de_train	1
de_train	1
de_train	1
de_train	1
de_train	1
de_train	1
de_train	1
de_train	1
de_train	1
de_train	1
de_train	1
de_train	1
de_train	1
de_train	1
de_train	1
de_train	1
de_train	1
de_train	1
de_train	1
de_train	1
de_train	1
de_train	1
de_train	1
de_train	1
de_train	1
de_train	1
de_train	1
de_train	1
de_train	1
de_train	1
de_train	1
de_train	1
de_train	1
de_train	1
de_train	1
de_train	1
de_train	1
de_train	1
de_train	1
de_train	1
de_train	2
de_train	2
de_train	2
de_train	2
de_train	2
de_vertigo	1
de_vertigo	1
de_vertigo	1
de_vertigo	1
de_vertigo	1
de_vertigo	1
de_vertigo	1
de_vertigo	1
de_vertigo	1
de_vertigo	1
de_vertigo	1
de_vertigo	1
de_vertigo	1
de_vertigo	1
de_vertigo	1
de_vertigo	1
de_vertigo	1
de_vertigo	1
de_vertigo	1
de_vertigo	1
de_vertigo	1
de_vertigo	1
de_vertigo	1
de_vertigo	1
de_vertigo	1
de_vertigo	1
de_vertigo	1
de_vertigo	1
de_vertigo	1
de_vertigo	1
de_vertigo	1
de_vertigo	1
de_vertigo	1
de_vertigo	1
de_vertigo	1
de_vertigo	1
de_vertigo	1
de_vertigo	1
de_vertigo	1
de_vertigo	1
de_vertigo	1
de_vertigo	1
de_vertigo	1
de_vertigo	1
de_vertigo	1
de_vertigo	1
de_vertigo	1
de_vertigo	1
de_vertigo	1
de_vertigo	1
de_vertigo	1
de_vertigo	1
de_vertigo	1
de_vertigo	1
de_vertigo	1
de_vertigo	1
de_vertigo	1
de_vertigo	1
de_vertigo	1
de_vertigo	1
de_vertigo	1
de_vertigo	1
de_vertigo	1
de_vertigo	1
de_vertigo	1
de_vertigo	1
de_vertigo	1
de_vertigo	1
de_vertigo	1
de_vertigo	1
de_vertigo	1
de_vertigo	1
de_vertigo	1
de_vertigo	1
de_vertigo	1
de_vertigo	1
de_vertigo	1
de_vertigo	1
de_vertigo	1
de_vertigo	1
de_vertigo	1
de_vertigo	1
de_vertigo	1
de_vertigo	1
de_vertigo	1
de_vertigo	1
de_vertigo	1
de_vertigo	1
de_vertigo	1
de_vertigo	1
de_vertigo	1
de_vertigo	1
de_vertigo	1
de_vertigo	1
de_vertigo	1
de_vertigo	2
